{
  "Hanoi": [21.0285, 105.8544],
  "Moscow": [55.7558, 37.6173],
  "Saint Petersburg": [59.9343, 30.3351],
  "Paris": [48.8566, 2.3522],
  "London": [51.5074, -0.1278],
  "New York": [40.7128, -74.0060],
  "Beijing": [39.9042, 116.4074],
  "Rome": [41.9028, 12.4964],
  "Tokyo": [35.6895, 139.6917],
  "Shanghai": [31.2304, 121.4737],
  "Los Angeles": [34.0522, -118.2437],
  "Dubai": [25.276987, 55.296249],
  "Mumbai": [19.0760, 72.8777],
  "Ho Chi Minh City": [10.8231, 106.6297],
  "Berlin": [52.5200, 13.4050],
  "Sydney": [-33.8688, 151.2093],
  "Cairo": [30.0444, 31.2357],
  "Toronto": [43.6532, -79.3832],
  "Seoul": [37.5665, 126.9780],
  "Singapore": [1.3521, 103.8198]
}